{
  "CmdCtrLv": 4,
  "Cmt": "Miner - Storm - Plasmoids",
  "Diam": 12240.0,
  "L": [
    { "D": 2, "Lv": 0, "S": 1 },
    { "D": 6, "Lv": 0, "S": 5 },
    { "D": 6, "Lv": 0, "S": 7 },
    { "D": 10, "Lv": 0, "S": 9 },
    { "D": 6, "Lv": 0, "S": 2 },
    { "D": 6, "Lv": 0, "S": 11 },
    { "D": 12, "Lv": 0, "S": 11 },
    { "D": 8, "Lv": 0, "S": 7 },
    { "D": 5, "Lv": 0, "S": 3 },
    { "D": 5, "Lv": 0, "S": 9 },
    { "D": 4, "Lv": 0, "S": 3 }
  ],
  "P": [
    { "H": 0, "La": 2.04772, "Lo": 5.69944, "S": 2389, "T": 2483 },
    { "H": 0, "La": 2.03565, "Lo": 5.699, "S": 2389, "T": 2483 },
    { "H": 0, "La": 2.02359, "Lo": 5.69842, "S": 2389, "T": 2483 },
    { "H": 0, "La": 2.01162, "Lo": 5.69945, "S": 2389, "T": 2483 },
    { "H": 0, "La": 2.02356, "Lo": 5.71206, "S": null, "T": 2557 },
    { "H": 0, "La": 2.03567, "Lo": 5.71254, "S": null, "T": 2557 },
    { "H": 0, "La": 2.04768, "Lo": 5.71304, "S": null, "T": 2561 },
    { "H": 0, "La": 2.0597, "Lo": 5.71399, "S": null, "T": 3067 },
    { "H": 0, "La": 2.02383, "Lo": 5.72542, "S": 2389, "T": 2483 },
    { "H": 0, "La": 2.01183, "Lo": 5.72532, "S": 2389, "T": 2483 },
    { "H": 0, "La": 2.03602, "Lo": 5.726, "S": 2389, "T": 2483 },
    { "H": 0, "La": 2.04855, "Lo": 5.72657, "S": 2389, "T": 2483 }
  ],
  "Pln": 2017,
  "R": [
    { "P": [7, 6, 11, 12], "Q": 3000, "T": 2308 },
    { "P": [7, 6, 11], "Q": 3000, "T": 2308 },
    { "P": [7, 6, 5, 9], "Q": 3000, "T": 2308 },
    { "P": [7, 6, 5, 9, 10], "Q": 3000, "T": 2308 },
    { "P": [7, 6, 2, 1], "Q": 3000, "T": 2308 },
    { "P": [7, 6, 2], "Q": 3000, "T": 2308 },
    { "P": [7, 6, 5, 3], "Q": 3000, "T": 2308 },
    { "P": [7, 6, 5, 3, 4], "Q": 3000, "T": 2308 },
    { "P": [12, 11, 6], "Q": 20, "T": 2389 },
    { "P": [11, 6], "Q": 20, "T": 2389 },
    { "P": [2, 6], "Q": 20, "T": 2389 },
    { "P": [1, 2, 6], "Q": 20, "T": 2389 },
    { "P": [3, 5], "Q": 20, "T": 2389 },
    { "P": [4, 3, 5], "Q": 20, "T": 2389 },
    { "P": [9, 5], "Q": 20, "T": 2389 },
    { "P": [10, 9, 5], "Q": 20, "T": 2389 }
  ]
}
